1)Which of these selection statements test only for equality?,a)if,b)switch,c)if and switch,d)None of the mentioned,2
2)Which of these are selection statements in Java?,a)if(),b)for(),c)continue,d)Break,1
3)Which of the following loops will execute the body of loop even when condition controlling the loop is initially false?,a)do-while,b)while,c)for,d)None of the mentioned,1
4)From where break statement causes an exit?,a)Only from innermost loop,b)Terminates a program,c)Only from innermost switch,d)From innermost loops or switches,4
5)Which of this statement is incorrect?,a) switch statement is more efficient than a set of nested ifs,b) two case constants in the same switch can have identical values,"c)switch statement can only test for equality, whereas if statement can evaluate any type of boolean expression",d) it is possible to create a nested switch statements,2
6)What is true about break?,a)Break stops the execution of entire program,b)Break halts the execution and forces the control out of the loop,c)Break forces the control out of the loop and starts the execution of next iteration.,d)Break halts the execution of the loop for certain time frame,2
7)What is true about do statement?,a)do statement executes the code of a loop at least once,b)do statement does not get execute if condition is not matched in the first iteration,c)do statement checks the condition at the beginning of the loop,d)do statement executes the code more than once always,1
8)The while loop repeats a set of code while the condition is not met?,a)True,b)False,c)Sometimes,d)Can't say,2
