1)Java object oriented programming concepts is/are:,a)Encapsulation ,b)Inheritance,c)Polymorphism,d)All of the above,4
2)Java does not support _______________?,a)Inheritance,b)Multiple Inheritance for classes,c)Multiple Inheritance for interfaces,d)Compile time polymorphism,2
3)Runtime polymorphism feature in java is,a)Method overriding,b)Method Overloading,c)Constructor Overloading,d)Operator Overloading,1
4)Encapsulation concept in java is,a)Hiding Complexity,b)Method Hiding,c)HidingContructor,d)None of the mentioned,1
5)Following concept can be used for encapsulation in java programs,a)Wrapping data fields with methods,b)Hiding data and internal methods using access modifiers in a class,c)Using Interfaces,d)All of the above,4
"6)Exposing only necessary information to clients ( main programs, classes) is known as",a)Abstraction,b)Encapsulation,c)Data hiding,d)Hiding Complexity,1
7)Hiding the complexity in program is known as,a)Abstraction,b)Encapsulation,c)Data hiding,d)Composition,2
"8) For Cat and Animal class, correct way of inheritance in java is",a)class Cat extends Animal,b)class Animal extends Cat,c)Both are correct way,d)None is correct way,1
"9)If you want to write multiple functions in a class with same name, then what Java feature will you use?",a)Function overriding,b)Encapsulation,c)Function overloading,d)None,3
10)Polymorphism types in Java is/are,a)Compile time,b)Run time,c)Both,d)None,3


